Id,q1,q1,q1,q1,q1,q1,q1,q1,q1,q1,q1,q1,q1,q1,q1,q1,q1,q1,q1,q1,q1,q1,q1,q1,q1,q1,q1,q1,q1,q1,q1,q1,q1,q1,q1,q1,q1,q1,q1,q1,q1,q1,q1,q1,q1,q1,q1,q1,q1,q1,q1,q1,q1,q1,q1
StatusCode,Complete,Complete,Complete,Complete,Complete,Complete,Complete,Complete,Complete,Complete,Complete,Complete,Complete,Complete,Complete,Complete,Complete,Complete,Complete,Complete,Complete,Complete,Complete,Complete,Complete,Complete,Complete,Complete,Complete,Complete,Complete,Complete,Complete,Complete,Complete,Complete,Complete,Complete,Complete,Complete,Complete,Complete,Complete,Complete,Complete,Complete,Complete,Complete,Complete,Complete,Complete,Complete,Complete,Complete,Complete
Messages,,,,,,,,,,,,,,,,,,,,,,,,,,,,,,,,,,,,,,,,,,,,,,,,,,,,,,,
Full label,eu-south-1:CPUUtilization i-001dd3558de010d1b,eu-south-1:CPUUtilization i-007cedaa59161cb76,eu-south-1:CPUUtilization i-00c5bc3d6804a01e7,eu-south-1:CPUUtilization i-00d7af3d55cd686dc,eu-south-1:CPUUtilization i-010a68e14c8ef6d2e,eu-south-1:CPUUtilization i-010ab098f3cd87ecc,eu-south-1:CPUUtilization i-0155da463378e4418,eu-south-1:CPUUtilization i-0189786bb7d99d944,eu-south-1:CPUUtilization i-01b626529e2400ae3,eu-south-1:CPUUtilization i-022e80d50209ad2e7,eu-south-1:CPUUtilization i-0267fc521ce7b3a96,eu-south-1:CPUUtilization i-0274feebe76aebed4,eu-south-1:CPUUtilization i-034e897884e1d6591,eu-south-1:CPUUtilization i-035d6884fb647637a,eu-south-1:CPUUtilization i-03dd53ef3c020349a,eu-south-1:CPUUtilization i-04f710d1703a9b400,eu-south-1:CPUUtilization i-0554d17051ee0c16d,eu-south-1:CPUUtilization i-064a6d5dd03f6d802,eu-south-1:CPUUtilization i-065d28d9f29ad5695,eu-south-1:CPUUtilization i-069198370010ccca1,eu-south-1:CPUUtilization i-06bb8ab1030f079de,eu-south-1:CPUUtilization i-06f07c035979aa1a2,eu-south-1:CPUUtilization i-0758f888b8422cb11,eu-south-1:CPUUtilization i-076e3c39f69ba7677,eu-south-1:CPUUtilization i-07c71afee5b3ae140,eu-south-1:CPUUtilization i-07ef5ef1ef5853077,eu-south-1:CPUUtilization i-082a786af50bca3dd,eu-south-1:CPUUtilization i-083481fbb8bcac90e,eu-south-1:CPUUtilization i-0875ae8908c5b8436,eu-south-1:CPUUtilization i-08a42044aa06eb48a,eu-south-1:CPUUtilization i-08bfc0f2eee46cbc6,eu-south-1:CPUUtilization i-092f1c0e71e4eb7de,eu-south-1:CPUUtilization i-0951ff1f828db4514,eu-south-1:CPUUtilization i-096bd3d58e691b904,eu-south-1:CPUUtilization i-0a2133394f6e78691,eu-south-1:CPUUtilization i-0a83981031d6cf9cb,eu-south-1:CPUUtilization i-0af6fc6a3bbcbc98b,eu-south-1:CPUUtilization i-0afa2686e74afa4a6,eu-south-1:CPUUtilization i-0b299dc18487f43dd,eu-south-1:CPUUtilization i-0b6089901b101a775,eu-south-1:CPUUtilization i-0bafba01dedb08874,eu-south-1:CPUUtilization i-0bb5df4fcc60fdd41,eu-south-1:CPUUtilization i-0bd693e48d3daef3a,eu-south-1:CPUUtilization i-0cce05f728d9f6400,eu-south-1:CPUUtilization i-0d1742839e539f157,eu-south-1:CPUUtilization i-0d447a86fef98bd21,eu-south-1:CPUUtilization i-0d98f68bf4868f54f,eu-south-1:CPUUtilization i-0da1ec513531461f2,eu-south-1:CPUUtilization i-0db46e76c97cd41e9,eu-south-1:CPUUtilization i-0e4ba6d92c42de63e,eu-south-1:CPUUtilization i-0eb46c5c6866f6617,eu-south-1:CPUUtilization i-0edba18dc0694dd25,eu-south-1:CPUUtilization i-0f407909e6ccba027,eu-south-1:CPUUtilization i-0f91e4429912d8302,eu-south-1:CPUUtilization i-0fddfdc798503d6e2
Label,CPUUtilization i-001dd3558de010d1b (SIL-REVERSEC02),CPUUtilization i-007cedaa59161cb76 (SIL-REVERSEP01),CPUUtilization i-00c5bc3d6804a01e7 (SIL-IISA01C16),CPUUtilization i-00d7af3d55cd686dc (SIL-MDLA01P02),CPUUtilization i-010a68e14c8ef6d2e (SIL-IISA01C14),CPUUtilization i-010ab098f3cd87ecc (SIL-REVERSES01),CPUUtilization i-0155da463378e4418 (SIL-GOVA01S02),CPUUtilization i-0189786bb7d99d944 (SIL-PDDA01P03),CPUUtilization i-01b626529e2400ae3 (SIL-MDLA01S03),CPUUtilization i-022e80d50209ad2e7 (SIL-IISA01P16),CPUUtilization i-0267fc521ce7b3a96 (SIL-IISA01C13),CPUUtilization i-0274feebe76aebed4 (SIL-IISA01S05),CPUUtilization i-034e897884e1d6591 (SIL-IISA01C11),CPUUtilization i-035d6884fb647637a (SIL-IISA01P13),CPUUtilization i-03dd53ef3c020349a (SIL-REVERSESPCOOP),CPUUtilization i-04f710d1703a9b400 (SIL-IISA01P15),CPUUtilization i-0554d17051ee0c16d (SIL-IISA01C18),CPUUtilization i-064a6d5dd03f6d802 (SIL-OTRS3),CPUUtilization i-065d28d9f29ad5695 (SIL-ADSA01S02),CPUUtilization i-069198370010ccca1 (SIL-MSYA01P02),CPUUtilization i-06bb8ab1030f079de (SIL-IISA01P11),CPUUtilization i-06f07c035979aa1a2 (SIL-JMETER01),CPUUtilization i-0758f888b8422cb11 (SIL-DOCKERP02),CPUUtilization i-076e3c39f69ba7677 (SIL-ADSA01P04),CPUUtilization i-07c71afee5b3ae140 (SIL-REVERSEP02),CPUUtilization i-07ef5ef1ef5853077 (SIL-JMETER02),CPUUtilization i-082a786af50bca3dd (SIL-KNWA01P02),CPUUtilization i-083481fbb8bcac90e (SIL-BASTIONS01),CPUUtilization i-0875ae8908c5b8436 (SIL-PDDA01S02),CPUUtilization i-08a42044aa06eb48a (SIL-IISA01S06),CPUUtilization i-08bfc0f2eee46cbc6 (SIL-GOVA01P02),CPUUtilization i-092f1c0e71e4eb7de (SIL-WSOA01S01),CPUUtilization i-0951ff1f828db4514 (SIL-IISA01S04),CPUUtilization i-096bd3d58e691b904 (SIL-IISA01P17),CPUUtilization i-0a2133394f6e78691 (SIL-IISA01C15),CPUUtilization i-0a83981031d6cf9cb (SIL-ELIA01P01),CPUUtilization i-0af6fc6a3bbcbc98b (SIL-SVNA01D01),CPUUtilization i-0afa2686e74afa4a6 (SIL-IISA01C17),CPUUtilization i-0b299dc18487f43dd (SIL-IISA01P12),CPUUtilization i-0b6089901b101a775 (SIL-IISA01C12),CPUUtilization i-0bafba01dedb08874 (SIL-ELIA01S01),CPUUtilization i-0bb5df4fcc60fdd41 (SIL-JOBA01P01),CPUUtilization i-0bd693e48d3daef3a (SIL-REVERSEC01),CPUUtilization i-0cce05f728d9f6400 (SIL-SSNA01P02),CPUUtilization i-0d1742839e539f157 (SIL-ADSA01P03),CPUUtilization i-0d447a86fef98bd21 (SIL-DOCKERP01),CPUUtilization i-0d98f68bf4868f54f (SIL-IISA01P18),CPUUtilization i-0da1ec513531461f2 (SIL-DOCKERC01),CPUUtilization i-0db46e76c97cd41e9 (SIL-IISA01D02),CPUUtilization i-0e4ba6d92c42de63e (SIL-DOCKERP04),CPUUtilization i-0eb46c5c6866f6617 (SIL-SSNA01C02),CPUUtilization i-0edba18dc0694dd25 (SIL-FSHA01S01),CPUUtilization i-0f407909e6ccba027 (SIL-IISA01P14),CPUUtilization i-0f91e4429912d8302 (SIL-WSOA01P01),CPUUtilization i-0fddfdc798503d6e2 (SIL-ELIA01D01)
2025/11/05 06:35:00,7.281666666666666,7.702542827366973,3.727797256285695,6.485608636762656,5.10129660560703,2.6582653115307875,1.5669670303477956,8.107212286270203,4.715002627533751,30.399903031542113,3.838983795226505,4.402482423324909,5.274386514481537,6.274087361826332,0.6666447924501666,5.0731509866619655,4.726224790530158,10.112907021765224,3.7375644941278283,3.942236234418849,9.734616297747026,2.614333333333333,7.066385257464427,2.8882583180828885,8.16112574860519,1.5686722064558363,6.976691219722284,14.270624036997338,12.624769874616561,3.422068973928327,4.747840832129223,3.5773912810271837,3.678026086633669,9.601867698406323,4.391979948225675,0.43257126592642814,5.808550036631537,5.773471687834975,8.83335001621504,5.461257075292887,0.3449943459725807,7.638070018710664,6.007815100701899,9.072628876081202,4.230957743739114,3.3169936033748435,9.083481902547204,1.5125723730727234,3.9827717690065496,5.484490545481958,7.916161827038539,8.53558333825902,47.956572010511046,1.2589633224219745,25.58799205641619
2025/11/05 06:40:00,6.473342027359733,5.734581671755683,3.6210120095503235,5.5665790456528335,5.532499551930397,2.377108662579487,1.8662949118214727,8.037461882557011,4.758247072636829,30.756659704945548,3.9038197449715866,3.9382522330156418,5.228035200976545,6.079613164176374,0.9066127074772012,4.949486774129697,4.329731520479898,9.88553902167288,4.015065035897587,3.7493909156581964,11.846919040840431,2.7416614642589408,5.994793959588706,4.057350658414822,7.803292434280294,1.2459935871197954,7.0457030868098,14.457463974537879,14.319939919146254,3.6870061857025727,7.73808845004402,2.5239869151230514,3.4972917703515662,8.709202143073435,4.109682018451403,0.44110249817954894,5.658568994430466,5.63663149905332,6.665768445346373,5.12930822868386,0.35675790930530676,7.703221463440022,4.699687947577823,7.738462804097051,3.927312258353917,4.772141597914992,7.280591459591088,1.2987477078404586,4.2918015937922025,5.613630936985135,7.983412433786801,8.699333430635695,48.93300099982425,1.4047626542198826,25.575401053346805
2025/11/05 06:45:00,7.871675862004169,6.706877625016102,3.8042744201326477,5.771053096176773,5.0827344123078815,2.848735978380295,1.553498021331175,7.824624550652189,4.577021096344295,30.066963405311583,3.8170543642669372,5.627496072025119,5.347162392208952,6.354883336900423,0.7565409732437456,5.719526710840908,4.733149801910646,6.851767459313308,4.009039920608277,4.01400647196644,13.27416881873425,2.6069607029484407,5.770119832419465,3.2251342946938477,8.259010631811273,1.4589642674944963,7.205007139707871,14.305483969377239,12.739720892365494,3.945350703340984,4.717988403704001,3.159060598630819,3.7204038451116284,8.83638754033191,4.472554078918699,0.4462464346610767,5.790369891046642,5.797201306795501,6.41111637739685,5.445614613312897,0.34983141380246713,7.220945930638794,6.145754721332608,8.954210170406313,4.257071878612513,4.0918030413420485,9.010383946567643,1.5444748164262896,3.9430433552500213,6.155066555978538,9.174309038075169,8.790694980420419,48.79436363440617,1.2933047050112356,25.58776506568213
2025/11/05 06:50:00,6.226665167355556,5.495351915854075,3.566371146568499,5.407419425600207,5.408685941884132,2.0760398903436412,2.2717176693017542,8.080409074341443,4.727127218811547,31.111987577560466,3.888788551285438,4.355473325959859,5.182000378370556,6.166790755272006,0.9069913035991315,4.5337781818235054,4.366244074832315,4.401151995949908,3.304640539135472,3.938035583927943,10.437648662357969,2.70201537305873,5.920033974464362,3.1349425619799987,7.56519716977999,1.2356656230851706,6.8036599606409025,15.034266309846416,14.022353545630235,3.696010824668818,8.187507609955437,2.790072164410786,4.143052173416992,7.109919408106379,4.196985023367596,0.43464049693903356,5.45369902802095,5.6577225698620355,5.0224432992696935,5.619456882331011,0.35498693663141057,7.575956244330328,4.421716231771602,7.473350277990678,3.8326048841117113,6.682301152120151,7.719252850008374,1.2780784242376302,4.193502459088215,5.823176262609616,7.146843950518322,8.984308981506153,48.59300980498112,1.3431710468808518,25.575083274762115
2025/11/05 06:55:00,7.471666666666667,6.697092740638224,3.879666162730387,5.987789802305803,5.146310688022905,7.431734364280194,1.5933609794678856,8.065141466545896,5.3756183996864255,30.42022179333008,3.8704946359982855,4.622621565222462,5.150476126945676,6.127550044531938,0.6066536284334049,5.332098413420984,4.70436046285501,5.672393189012493,4.2616319151922,4.139451540315084,9.549796194756862,2.666984841938221,6.772017499899623,2.971760915110386,8.469241989184235,1.3238725569808507,7.0699312182378975,14.373921712023716,12.66275600233816,3.6796670281949075,4.718538825236424,3.0683766080417088,4.085460464130873,6.797301126860783,4.420006245861208,0.4471319954911629,6.380305862278603,5.765815746712322,5.848628020812957,5.673926320356689,0.3536316284445302,7.272212344805011,6.4931897104601575,8.613572884777685,4.232502810356511,5.695190134079319,6.8647234331797335,1.652826837905577,4.451251626252516,7.278751611841469,7.176467055345697,8.508554467739959,47.802353522610815,1.7502024080744523,25.575013380793322
2025/11/05 07:00:00,7.376385176792081,5.648433325785319,3.756004048576378,5.722076533854321,5.5117791090058725,1.9331024184836187,2.747862099455167,9.55954687688804,4.966160383396074,31.094526608289392,3.9788697869866474,3.8122551355369367,5.554739747645369,6.330873218221998,1.1264983869184662,4.565166249205565,4.620953172013545,4.966685662154299,4.124784076815862,4.14929231546752,11.294477590751503,2.609363544916904,5.8855568208785165,3.157539410795888,7.518465577672686,1.2236695513225266,7.61447235886075,14.4633891791207,14.308603893860356,3.9067082581603154,8.586495728678596,2.4499567184728654,3.507889876589039,6.212586370699158,4.181305980097865,0.43590576525233127,6.893239496615886,5.899668951324907,7.631992766406796,5.0327603470112106,0.35373856049447816,27.679057183933246,4.743200802458476,7.899999644251425,4.648966317512072,5.366927056805895,9.303853186179044,1.2136639260657835,4.299922686957902,6.642757164300238,7.191882604499016,8.679572053331963,49.45536421130129,1.4382422229871676,25.560842434424593
2025/11/05 07:05:00,7.4636908056324245,6.739814567260536,3.938598179127916,6.95485563296026,5.147735730742959,3.1264030059790557,1.638420720647849,10.07577129807834,4.607569341839867,30.191266862161633,3.8528451080622013,4.493185805549638,5.669473180210201,5.466411227294401,0.6052862328660278,5.023145663080471,4.855355197454299,5.539369164269243,3.7707617605644734,4.996544072422228,9.959525094272793,2.6156614193624868,6.034321084224904,2.808885014514999,8.436234525779618,1.3853265949906923,7.565722051272493,14.406692370690172,12.591852591412255,3.5213034365173015,5.051136176265137,3.0076453590874315,3.730394728029836,7.819432271436748,4.438399751552544,0.4390956122947838,5.844935145189316,5.889011777629171,7.350981724270538,5.335682714123053,0.3402357764809088,7.365552474335608,6.045033859230763,11.891861889376049,4.0036499757122055,4.602050274224993,8.92804143739343,1.595396195953653,4.105941132326474,6.671859572985038,6.613818088399176,8.538596958690908,48.356002148855566,1.1082321444212964,25.599307262511893
2025/11/05 07:10:00,5.906664167401411,6.1428315267697995,3.685368194910585,5.8729673332884555,5.3886222460585556,2.1052556780282483,1.8239649433818212,9.726356725089868,4.811968378794189,30.821422069095338,3.988861411111543,3.7786985520171266,5.815578422463349,6.403716774994038,0.9631042852167211,6.064061296614329,4.491026218343456,4.556345221244229,4.044505122710966,3.726114122859878,10.305130016105812,2.5036653122081463,6.16267055675267,3.0793437291586625,7.961653769153225,1.2644637737443165,7.006193631813271,14.453795089294562,14.322697937686272,3.6363573280188755,8.287381532305407,2.4959892507667005,3.440990864862279,8.57584015278241,4.094762765263809,0.43797341550159796,5.553647445466012,5.69187935821926,6.605047568367534,5.086905097616553,0.35507326249945903,7.415510178507202,5.917631598506878,7.882937041353189,3.9259874690940735,4.8785308059595955,8.711499170777762,1.289474731528022,4.295269703687261,6.878989636910899,7.174309832942472,8.700299400253076,49.197040091079565,1.3968684450272122,25.557794205882203
2025/11/05 07:15:00,5.739745779911639,6.917429277794836,3.9036671703255763,6.504428817967262,5.18173034295837,2.863313352707783,1.5861831654050444,9.755760995432544,4.707251914099205,32.01533906847074,3.9949585296809973,4.441628588210824,5.445781622058988,6.380103198184005,0.6501396337829436,5.663052170177274,4.863992474919444,5.417763478635753,4.863955460690909,3.9477884242866716,10.252666112773962,2.5669736920518282,6.048667947233888,2.8789395189090987,8.463268604977479,1.3226671292465726,6.912071204754893,14.278189139796396,12.866335996483471,3.5503024396754297,4.961447537901723,3.0380104172917877,3.526020525780061,7.720815157307351,4.410949632095288,0.43956195692188527,6.322125921040799,6.109089955312534,7.653888829465186,5.390271258724971,0.34629008762047564,7.300877928583726,5.823262913440379,8.983492238856163,4.033279978759072,4.470281191062266,10.084902246189198,1.6909467081337606,4.0385960402266265,7.143123695803366,7.826516063499706,8.626960211793726,49.11229106759823,1.4034763501192624,25.587464541598433
2025/11/05 07:20:00,6.115,5.7834596359849035,3.7683790475329233,6.51667500982291,5.527596472678477,2.0330689234911246,1.856618137847074,10.193104028249472,4.928727630180088,31.602289032269574,4.1018004570608255,3.7109524323657217,5.360216473659703,6.286477643337598,1.0514452241882928,5.128871443044019,4.527926084739287,4.281361183651722,4.03918552422032,3.7842163273667273,12.627688605796319,2.5670037525658427,6.534077448801659,3.024861306733134,8.048027263197616,1.196046112270229,6.803410424458288,14.458016189208488,14.298311122749942,3.8200145078146215,7.879823375573442,2.6409987758830042,3.449185949453297,9.688820048406864,4.048702476964205,0.4436390891144922,5.579819286472868,5.62633231423039,7.580561888053156,5.078286513863837,0.34907971691527406,8.157644907022563,4.385795302251788,7.8013914474751,3.8957766797417683,5.301258195764154,11.888679409984572,1.211873634930561,4.19304858849396,7.248396832857331,7.3365902558172165,8.803939596173622,50.324270508703265,1.4577250723528494,25.545041864131303
2025/11/05 07:25:00,7.5150695282059585,7.16996721071767,3.946591518827309,6.2195191727264545,5.182099721158798,2.9776092603721986,1.6359792554426704,9.594714501012772,4.749047000207218,30.396429572143763,3.958330839133402,4.536951195465916,5.287505580925607,7.572182452432175,0.5215742222852543,6.235972934793837,4.70383486695672,5.930544025229702,4.374632759667967,4.073210807595929,9.057570549884394,2.6100262013100655,5.928791522164471,2.8311106028064588,13.133815975221149,1.3132870245997061,6.867444082617676,14.557769530119202,12.796810690167458,3.5437561377476796,4.796316239606199,3.420854582085039,3.5289236798782264,8.452638438026678,4.425916400432662,0.45631283935629074,5.861308928793234,5.968599595133346,6.435439939156988,5.250913595571075,0.34455931928991423,7.1368404910415135,6.304123335972157,8.846259459106985,5.114944651501466,5.227520493000943,9.007276117570886,1.6793235423665565,4.02200577443432,6.6056757761803855,7.938050304011634,8.620667113976804,48.959946447531905,1.145393434037715,25.596014720091098
2025/11/05 07:30:00,6.178065713692614,6.05836874662062,4.034331728465305,5.744913522580673,5.502293376067122,1.8882849363994727,1.8041289915986098,9.773491629521567,4.795662017820481,31.092274619860643,4.230475319190998,3.7225960296492757,5.3119030986446685,6.452227936135823,1.1452314185504116,6.191573681338243,4.565080036564356,7.917408094592429,4.057690152863993,3.705767184203647,9.156105482479862,2.518661131606765,4.237718674870747,3.3760326329774215,7.806952264667721,1.2153095925560153,6.820372618487818,14.51905609383895,14.404411685770379,3.739935567956303,7.873252046281624,2.6617015968416777,3.4676079155317225,11.004489911243871,4.287681253174913,0.4379928317174059,5.482084113868943,5.811008220282458,7.219301358691351,5.019854714164566,0.3453113457826774,8.071347289030683,4.527444787187874,8.225268680650965,4.154253727008161,5.398538222633659,10.106522605544635,1.2384183504806814,4.273005316235366,5.126983954340157,8.886614382319754,8.916912911856581,50.46266021321064,1.5390493395347307,25.569296011971574
2025/11/05 07:35:00,7.258330779367592,6.607670296567328,4.150448046845481,5.96112075179505,5.277871590112127,3.1299329921961245,1.5882968099391659,9.373664133902707,4.639040273084282,31.770833281881398,4.096426022025019,4.392354880245111,5.192495936505014,6.11936028112374,0.5065891692785707,5.4990263111281665,4.90591734270968,6.64515171823646,4.08163269929966,3.9432516953387458,8.258356779836328,2.6079752974973,5.362153764388571,2.843386231615491,8.6478881895688,1.2923977073043522,6.925474064185016,14.365559385229043,12.819729823673864,3.489047215723874,5.557069683374586,3.021618465581835,3.5453621593821687,11.708749582490118,4.395064072735761,0.4486442323508698,5.851562568717251,6.085389060320416,10.185119551928867,5.762343156682144,0.3457330050497812,7.05707433295639,6.284508730656653,9.171607611226014,4.116902418704699,3.5380459161453373,12.756256375945936,1.6680270299867146,4.067378706899813,6.122741717434707,9.330508818779544,8.589244119327464,48.77701392519787,1.056856255221519,25.587106282638576
2025/11/05 07:40:00,6.414997445892593,6.910243948832948,3.8659429131493375,5.572271171017384,5.604827771357383,2.146653881504843,1.8252129145629994,9.279064065602153,4.819265414182619,32.03509076366182,4.147810476553769,3.7670779356290653,5.2096416237578795,7.533204817453014,1.0302138799248486,6.002996348147525,4.605884474831731,5.101394985152988,4.041797742791395,3.7412902887624235,9.612007393007046,2.5380014693100037,6.170001546394323,3.6869395989368114,8.236752202213754,1.2402873914691264,7.193478911981981,14.373662716548342,14.580942191302203,3.686764186033332,7.989475406281246,2.8014869764534516,3.4439825118888026,12.851244422201125,4.078717612794828,0.44301367155641785,5.772492809985788,5.680326143316797,8.863987869876931,5.101056790905637,0.35366888515811346,7.9507090446759365,4.8033494521322115,8.24158859465744,3.8517267998998626,3.951773363125561,15.959945632052586,1.2451032317299042,4.210454008324922,6.42743106970413,8.479483317674037,8.76554971855847,50.06235953956608,1.3467488018872376,25.56274020541699
2025/11/05 07:45:00,7.311696806806952,7.143717059376989,4.075157812061761,6.0400576762322675,5.293617656830142,3.0173048579103936,1.572725558885542,9.41673886741295,5.041586753312836,30.84851028708848,3.979051900315209,4.538650514874963,5.195905238209496,7.742000783795094,0.6715953469158011,6.136216550533861,4.97369504624361,9.944467680598326,3.8789744632488343,4.039441376282232,11.150349383877797,2.7723692632423482,7.095565794149546,2.9555383059897467,9.459169662792728,1.4824756849476095,7.002042254274857,14.134514286489331,12.8727449925419,4.067968520801136,4.8255512832808565,3.0824110819851223,3.5517270361415783,13.222656534825905,4.471398504908036,0.4430831534205864,5.869352464227462,6.066216644426663,9.964714270007939,5.376917537119867,0.3435685722268051,7.226365134901208,6.232429755060973,9.733589364437124,4.138310035686834,3.7932341527900384,12.596420577611656,1.720632179205732,4.118868117269526,7.750415986174045,7.569846607557372,8.804749872626754,50.02449069201792,1.2148842098596888,25.584484540767434
2025/11/05 07:50:00,6.3016675284875,6.288715234101098,3.9262763247566026,5.7011939194024155,5.8719831651924155,1.9663026568025175,2.295140807573424,9.476894154091642,5.005253529492732,31.401511066444687,4.154607798124497,4.446868289467724,5.318135496791743,6.405989186458362,1.0015131399240818,6.307645238709436,4.539696474370647,20.937803812967964,3.994035980035446,5.971119518189441,13.264281172203468,2.737286424213616,7.195379530354593,3.0699927154720337,8.190000000000001,1.2803028866301038,6.921821159014693,15.012758265116767,14.230753262809435,3.8166494577138352,7.879316065697422,2.456378398754567,3.4566962068135383,12.680725787074165,4.165493373272746,0.43620500009598695,5.58914693668077,5.869929445133993,11.47540508701869,4.902835440801868,0.35909235219407093,7.155620789256767,4.485124643372815,8.199910724142029,3.8808972474085977,5.280426733341635,11.940876697075023,1.1396729736990427,4.2545618808128385,8.15075505752269,7.343118449501583,8.909871240719038,49.25418875659282,1.3551440183668821,25.562676034928764
2025/11/05 07:55:00,7.3866640576074065,7.563712174619465,4.101438006537609,6.554998586693069,5.342587842399078,3.186414028250197,1.644952232757077,9.6112784047651,5.362639716819128,31.013281645025494,4.068567996040477,4.545086418687172,5.234961731769502,7.8997536925893455,0.4984256928612387,6.33530465120086,4.814480009399218,8.077784619548918,4.3233018920569,4.221396889928441,16.21720508573904,2.8606508662355816,7.094801123869668,2.9589019405909642,9.61835272440933,1.3139919667267992,6.991258460824241,14.184842853195956,12.827629803225808,3.629013631254865,4.904835640913198,3.2662861082415304,4.019836536547331,13.874312069617186,4.461696739382036,0.4454235557298861,6.374563044385229,6.0434887579865775,12.783925141916509,5.201320564903955,0.35399931293153325,7.045324077658796,6.416685698022993,9.732736069008068,4.048265739087105,5.095135362017533,12.286292403641141,1.8356551298165953,4.641239651543396,7.892971791889781,7.662213070446474,8.635247696866879,50.31439020407247,1.158037422452065,25.58715872090296
2025/11/05 08:00:00,6.2850045569518525,6.971525871168383,3.8109582022568516,6.279575120474155,5.559425741695538,1.883320796287769,2.0391613292123276,9.45603986812416,4.8536959964887565,31.798283376166857,4.143442010825785,4.024422554766006,5.575276452791703,8.769534565285994,1.1443817825911096,7.621235983231635,4.76352122750578,6.710312098490007,4.147173769491295,3.806320536616652,16.24736328206724,2.6203657759088275,7.216088657380249,4.6431699063316225,8.946445029304687,1.249696016431431,6.873007884517639,14.500874322946299,14.458068982171477,3.9863410556179515,9.081349987860033,2.4680254056883957,3.5519773158988093,16.955421381958907,4.125150350771181,0.43234395584002405,6.136945918792221,5.750897649169724,16.57239402606683,5.176591274864437,0.35699608556727347,26.77081713631994,4.574929563162615,8.707919192772593,3.995809213837878,4.90868419161716,14.819272037287732,1.086424036199651,4.340235014402962,7.489481770506716,9.89537273562233,8.78905584006614,51.64326318269487,1.5704121803772,25.5451058864175
2025/11/05 08:05:00,7.595138287257403,8.368059184911477,4.077717400413343,6.413188440283607,5.360062457771262,2.9229479720537843,1.6399667915012146,9.192966546514183,4.990927712871675,32.48426280261471,4.0097343415274125,4.5756271020268695,5.700057228740684,9.035388434770667,0.4650417766283927,7.2982005116331425,5.050699968834108,7.704416627527712,3.8217040300122243,4.113964865206115,18.903958939974622,2.645358220118164,6.454992000752775,2.8433714787536597,9.997372335047,1.3031432950245683,6.9156300779612305,14.287792619046636,12.763584430029299,3.6859850569502,5.126169313683256,3.0646174936713,3.5227616708472382,23.720915727993823,4.46984502646019,0.4392393294925411,5.9838932622366645,6.097856938523454,19.950178952530404,5.3628448239285245,0.35555787492645174,6.69584648552919,6.153120469853333,10.20504564326812,3.9859585507663104,4.221821295461252,18.65210727463957,1.7116004693792242,4.100645791932598,6.503761034220323,7.904037296948411,8.647962594717438,50.49657094177046,1.054951677812535,25.582580883792577
2025/11/05 08:10:00,6.491669167370371,7.68027188046795,3.938732258028891,7.005664197010594,5.698114473992716,2.066079878185358,1.8585924321800988,9.449951262272606,4.874470913942547,34.831242132754184,4.182916631460747,3.941383296292835,5.518448239247833,8.689526332036689,1.0234924689694194,7.937087594582086,4.806307495398061,11.492115691547566,4.023300863760506,3.7896500280201346,20.949710979067024,2.5686423012182726,7.648807369619156,3.0049464368733974,9.631486635635785,1.2655700743937026,7.0514230533383655,14.417688279880366,14.44463292216036,3.9313362760293407,8.455705241876943,2.5813593359247355,3.5293769784953795,35.97068737895487,4.18765636954415,0.44630630929535153,5.657611030266407,5.847025186966558,23.772422569002664,5.065293421916965,0.3597427767584131,6.349398125603165,4.821825520632733,9.414971390778195,4.049171879727126,4.2816533861873936,24.059606371741662,1.2726799364527324,4.202193944920521,7.7039333975153195,7.693635388142981,8.822299886216658,52.41619534390675,1.2850967313691968,25.56754217273035
2025/11/05 08:15:00,7.27322306067889,8.433114633287161,3.9226445973798727,7.282258060443732,5.3993539432826525,3.2529288716656035,1.6385484345606613,9.810439427635618,4.670733523986426,31.170204590680846,4.123299460106882,5.821067407071796,5.38679499208231,8.935595473489554,0.646665250374537,7.432277726053995,5.452921773226348,9.53403797934526,4.133297844408692,4.062594514797825,25.871261126409905,2.6350189206208805,7.5791492801806175,3.0450824739479914,10.343929795973672,1.3644350443281756,7.034478663654591,14.388776407148617,12.780041991157493,5.698688638068941,5.051730949064906,3.214970453653926,3.5568963244736516,35.547811758257595,4.466646116507936,0.44729819050252734,5.929807509328777,5.636862172342975,25.966394958101404,5.360707697001968,0.34967128474261266,6.643048797163951,6.2433825032509995,10.879682958159737,4.006781757595077,4.2972332705147664,25.489963418171783,1.742449563058463,4.141286673494017,7.468034962954482,7.508376309701477,8.685995855735916,53.60772517364088,1.154909504335795,25.582161849425802
2025/11/05 08:20:00,6.406687945524081,7.375098181884214,4.742924273633924,6.5679724481061585,5.642637988096685,2.042438713865372,1.8222996499931732,8.991016578463944,4.96459863081113,31.450487995635193,4.243273965261901,5.005129746567767,5.509597238744021,8.774498565458975,1.0288083067965048,6.567305614500204,4.861977728791788,9.135091376963217,3.9506218244624494,3.852000665509943,29.715821892658255,2.622963907090391,8.21774127378593,2.985014899915293,9.425236886591543,1.236871750125348,6.742059955115556,14.824417724780247,14.271964462131404,4.152051767015721,8.691681972123313,2.417378781697774,3.584592884791139,30.988831497137415,4.1351558912485835,0.4581087624267638,5.944373498900186,5.47587327715153,24.435875790369767,5.063340796612356,0.3692491646962545,5.855739922764007,4.552569547744597,9.771747875732725,3.9541861616779386,4.6263398442785535,24.077884739614753,1.1507449354597508,5.168281652168475,7.807314628946491,7.2916413341939545,8.898761730469742,50.83580089995799,1.2668816141283243,25.573068816329716
2025/11/05 08:25:00,7.366652862242125,8.723358336130602,4.708508155806229,9.036989737109936,5.4466483252187725,3.423799854760496,1.6841387500061362,9.031346417370875,4.751265183623909,31.58308761489564,4.0517592047150925,5.093365663642126,5.484975235943197,7.171365157933169,0.5584349854658864,6.63069932017733,5.168907888552033,13.338882430076666,3.981958940285371,4.096951663792674,26.871561461619244,2.6273647271677345,7.503557758217608,2.959360693579896,10.794858405105918,1.3161474410514438,7.4450582523888755,14.524745179882572,12.887599009038349,3.6813685373827143,5.025194462874424,3.1191092227860913,3.583323076759566,24.649143412007785,4.4535584118675855,0.46366455443936394,5.877369901187169,5.704247335034545,23.504431188779627,5.322766914513269,0.3547442439149477,5.493165968358992,6.214121128250734,11.026291766632298,4.0418032128701205,4.155323945110131,32.236124625175464,1.9033439549733575,6.312162744070695,7.71276981677197,8.364484618459485,8.754773710961853,50.27882603599531,1.076724190906274,25.59372236024706
2025/11/05 08:30:00,6.373319133370062,7.606862444713535,3.8327503833166445,6.76916609212463,5.905388012067465,1.988251963294445,1.92114236709319,9.083392467441882,4.932022313314622,31.51918230027789,4.2686630762087985,3.9648915282142503,5.435702334252387,8.521466119073335,1.139994784935367,7.031459233516226,4.872347396354884,16.352176960862604,4.27561346213181,3.7540719097880713,25.728708389787972,2.5429761703366074,7.688651491024625,3.0859240524528024,9.556476986951237,1.3181209761455852,6.861756514069772,14.409055980094397,14.3325696734085,3.9053186562436997,8.327498042048068,2.4836377239379264,3.5096497049573565,25.04296749221093,4.107348405973566,0.44659487353791266,5.782467360219798,5.5260618567744215,26.131709579266044,5.3970217741015425,0.3579297837447929,6.277493263377133,4.622616317603816,9.888365809277271,4.032402250883305,4.643945067304214,31.025479927744062,1.1281501110192598,4.315330078683057,7.740872121276046,10.552044661610745,9.25626393004853,51.029365361374595,1.4782443999376311,25.562746621508694
2025/11/05 08:35:00,7.264711744175157,8.300053194969562,4.042807306592519,6.551074996297629,5.478652172495786,3.2279512343769277,1.6891851894114833,8.999208703330043,4.729521267240354,30.665932945820124,4.117555040252645,5.125109835192495,5.267185247508438,8.131245275185481,0.5767277463600798,6.609036965962245,5.137508013898545,10.213180873456242,4.442702449465336,3.9717709796762874,29.340758255293878,3.469593372809817,6.577460579684711,2.9550911642071567,10.541720787539742,1.5795969295450016,7.0761187824705605,14.181929098117923,12.961030401159366,4.177953012715407,5.008278199626649,3.007996160046919,3.5467345207339043,34.47376509192752,4.412357687235157,0.4287610203344009,5.916463232325651,5.64281714378435,24.031263109518182,5.477119302975406,0.35473567647401966,4.661488537994904,6.138127403046699,10.935673628513381,4.095871806921008,3.939509568294041,28.88387087771691,1.7567120470705855,4.185930986299965,7.161337934787028,9.25502074172865,8.749375715455553,50.95181142285095,1.1251429984218635,25.584377727739174
2025/11/05 08:40:00,6.448622045135181,7.799904106221684,4.011202813204776,6.732556766732128,5.78788868649991,2.013675145258149,1.8627572402280663,8.867258123525826,4.983417658492688,30.851048428262754,4.369092550644676,4.132140551297122,5.3348301535206035,8.191945946988554,0.9837338316031256,5.977142423614339,5.0139254982973025,11.543182213987611,4.279057207439968,3.717715710475538,30.322341917023664,2.607051540992179,6.7958618870522205,3.280074639571526,9.836944011077268,2.042793930528526,7.1403359715215755,14.297798406876382,14.241754105975469,4.0111244738789384,8.375773069848208,2.5665060309247067,3.504022700580189,29.27975028664564,4.051441356976384,0.44325956899573155,5.6284643297614725,5.58122447377435,26.753435016738376,5.17066163555248,0.3562298497698027,6.499949455411098,9.169281058033985,10.607283746771534,4.471326648209935,3.9795016085321597,32.310308803587326,1.2621619475761923,4.58289011190429,7.060996351983126,7.786182966864797,8.89653895719729,50.13448238524741,1.3173915636150078,25.554472972134704
2025/11/05 08:45:00,7.106649112766663,8.524817034566953,4.0506682657550375,6.733277937035169,5.368072363347361,3.2043552227103085,1.804948946644704,8.645668556174712,4.809697767054615,36.574813388834336,4.221196385370049,5.421928380168711,5.261854973982837,7.8939623008074005,0.7101205909063861,6.628488836149484,5.530897000612968,12.641152312145515,4.086539694374654,4.186840471357296,29.34909526411238,2.571659255195815,8.177610046578653,2.999952994404613,10.415549081833179,1.5480049758773053,7.02500716729255,14.1631102189417,12.845554838193271,4.483102323060128,5.167792416371545,3.100827910283131,3.5662530845289204,26.53257358085549,4.456004187502751,0.43576448916335425,6.153338047975028,5.930680852319498,24.440656835946886,5.514881020139445,0.3481502061034749,4.768491756622578,6.02385521498303,11.794225873348168,4.098627247109651,4.20105587380966,25.54242387599046,1.7273282143671267,4.541173935814274,8.472096623493194,7.609337117478089,8.866939296930942,49.46833011652685,1.1431181145800644,25.576888283651126
2025/11/05 08:50:00,6.546665945903702,8.021363855232625,3.9093763049208263,7.0973232519530525,5.580324475302243,1.8299945726533813,2.3076653175197435,8.741259504034467,4.925982958990252,32.12078669543661,4.208897633181548,5.138232384698272,5.2777709318842545,9.290362587032286,0.9716681595174268,7.252811424932682,5.123172341762845,13.869680985161656,3.983924474801165,3.7936173641003017,28.09059070969788,2.787672877309968,7.636958143111239,3.084888233763351,9.523270933182786,1.2763097138904986,6.772977526252473,15.030996001313877,14.337812774576113,4.667343445711076,8.222577475308302,2.507933099930099,3.5496421491052303,26.09932390286165,4.102087363935679,0.4356362375150617,5.775385372263476,5.872486892703816,25.665599101804474,5.183516858074031,0.3512578356776165,4.694308932658196,4.681072961858923,10.748751779867295,3.9924148660052494,5.019888273562147,33.17298257203459,1.1232196889212955,4.489759846649146,7.955521368888282,9.93708540699655,9.061477930960782,49.82265102472735,1.2929800889724659,25.570712521015995
2025/11/05 08:55:00,7.253320529342124,8.60693996610002,4.365496229912905,6.540282888801398,5.33931778687287,3.4300302823123054,1.911512945380998,8.64196907318215,5.302762348959098,31.693774795442266,4.106231833443943,5.4269417352167295,5.169929846590831,8.90120999670594,0.5149000931199063,6.569144367751124,5.213716858120375,12.369166572034025,4.4166151400125155,4.128630900459724,25.965397123902996,2.5966651972041612,7.358078211034831,2.9850848279312863,10.87940276858904,1.3178308157484822,7.064862078876419,14.351898911015619,12.95706694789477,4.148818444248073,5.054345454265635,3.436660777296153,4.074698743837589,30.66468938817648,4.564359446365806,0.4435863473747356,6.38615070697271,5.907017559648287,30.202305373391404,5.306399168104744,0.34366802626920234,4.820728026167671,6.52699820192817,11.087827225864192,4.1050415434659255,3.486362777847088,32.635380166470114,1.902798873212726,4.689708760221447,7.076993139219629,7.416716080353962,8.704885566688969,49.72273889196509,1.000143031210145,25.5730580453034
2025/11/05 09:00:00,6.433308335120364,7.8619025786505645,3.916969282614474,7.124691481801828,5.674473939346425,1.8832894879125734,1.926982421780148,8.753582743209828,4.806404333868151,40.158018793225054,4.207618142737583,4.726033621764539,5.653557143641198,8.473301724522514,1.0176412592771593,6.281201469489294,5.580370568897442,7.428615057482938,4.15686715811757,3.8695416356434906,31.873319693793054,2.838665752574164,10.12423887982705,3.1028664366469245,9.608272739904294,1.2653669231021536,6.841684085966243,14.312800928883348,14.558121602543007,4.221986141556277,8.791116589749468,2.396239910204573,3.7434447282662,30.549899239590662,4.219606569107468,0.4490783052933464,6.099698271355454,5.976402901524407,31.85239191012438,5.40220544305266,0.3609655294172549,24.49018296065487,4.65420107110886,10.541042825455154,4.259849964372694,5.530714257559571,31.06945281871137,1.1044529576347968,4.476401157454507,10.443323872987294,7.046652096733465,9.007656108198109,51.19623466200395,1.4783754602593033,25.572208089012467
2025/11/05 09:05:00,7.185138936267959,8.754999999999999,4.040063945942603,10.071214569417226,5.372960632349464,2.6779709078993603,1.7131527930485937,8.688793338742022,4.656347271252969,50.77158017644604,4.153174186587342,5.477375110490943,5.63866460789065,7.9577338972753,0.3750024024177857,5.89072485375991,5.151818421486966,6.95133622821732,3.899066335202948,4.046499246919825,33.67864449368069,2.6613365359600083,13.43307757076515,2.8899063529989393,10.412302221491013,1.333086229770505,6.929737430035884,14.394663380061568,13.14969766426654,4.364788204805133,5.495502946666097,2.995354506944617,3.583728800999404,28.434812528465763,4.466750266467453,0.4510030071053824,6.112876765105119,5.88934346114369,31.01538140217225,5.695419484414221,0.3439686832342993,4.672482983821348,5.552912311882224,11.608777303911785,3.9765265670531953,6.916172098938963,29.80116124734302,1.5880084062789552,4.168058123215238,14.090322988506978,7.543456622279516,8.752379896706397,50.26914897347347,0.9185737216658889,25.584416817790586
2025/11/05 09:10:00,6.264768402127209,8.370162477901212,4.207681288673612,8.804672973382285,5.687831551285193,1.71985253910733,1.8333774763255284,8.86937726436605,4.889632266117985,32.49381511186779,4.222657003364604,4.055440316916839,5.892195831198362,8.791656089167022,0.7419830357767522,7.625614597708288,4.611673161272284,11.381661063894336,4.0333290823376355,3.7532954590742507,37.01704785489203,2.529643474002625,10.404267617371696,2.9264151983878866,10.11172307950151,1.6532120525942697,6.938663102901545,14.388428730778642,14.543139962787606,4.373924399920566,8.506108315259786,2.429976497786438,3.5582227951354555,36.192553957392015,4.470945516006543,0.4373699987514681,5.756576919650735,5.793959022448549,30.281234603656856,5.022126273779723,0.35691208397509416,4.451225137223704,4.556914826942254,10.655693052275168,4.012427917362913,5.9785884366453335,31.88502650692032,1.1757071708662505,4.280444864143477,11.101632374736239,7.903612089408517,8.926637944982167,51.28872547872926,0.9896703390192296,25.561653628463638
2025/11/05 09:15:00,7.0702617467771605,8.63156025934539,4.707239739698411,8.755433848362262,5.99677062534724,2.8518572956662256,1.5970622815381526,8.872401668841222,4.676852394776747,30.696398817260796,4.159973007618666,4.757623023003463,5.558247168040704,7.64615853521793,0.7745570867576795,6.7826684154513615,5.745901069799008,8.290329262471477,3.9248673029454197,3.996182888196965,33.49842697709633,2.6046941205975687,11.21249811497779,2.97166428229061,10.580375580339638,1.3776444292983903,7.049481844278399,14.326418721403076,12.970357270468702,3.840371958443101,5.268106690510022,2.908089627571397,3.587940129715732,36.95399685955731,4.5420105102680965,0.45022040894112064,6.032599533830789,6.844458349874611,29.284569664840244,5.4157393630534765,0.34546543056352685,4.747662157355862,6.38395089666715,12.069507129740956,4.19181347408384,5.574552331104732,24.986910478995313,1.637059430786298,4.207280848992662,11.255225227666328,9.01052802830145,8.838029641010657,49.5672943267276,0.9988222753447229,25.6058662066583
2025/11/05 09:20:00,6.144764924601933,7.826856887214686,3.9454580895327553,7.799641346850765,6.3921077444913434,1.4716439857009749,1.7840632821059643,8.719401497869606,5.00366680073362,31.481317101564866,4.244692085658348,4.3923199044595185,5.574252416377647,7.759185511707291,0.8466580195255627,5.91981524938805,4.642913973497731,12.547139738416012,3.995186165637809,3.76012698137466,35.950712917163,2.5693054782100235,8.51767739387484,2.94163622678911,9.331635911739705,1.2313361838207746,6.8814097223680575,14.35377430635001,14.36266633517921,3.9459951115911096,8.920816072311165,2.661389325793351,3.5433657351480696,29.88687511019507,4.791352524886378,0.4364379577745767,5.874983449139502,5.932329077814468,28.771934971558572,5.1155791237446975,0.34800153244814885,5.725659891525734,4.449440061511117,10.589904312803558,3.8917599486165697,5.6607447809348646,28.554914014008887,1.144522717102672,4.780312483105891,8.846579517362745,7.354153893912678,8.89799613460442,50.79509723311752,0.9914048343498507,25.55415598290744
2025/11/05 09:25:00,7.101749732741093,8.761625041244136,4.065993368489108,6.922471429593604,5.18368514073466,2.926807499270823,1.6227585216091753,8.529609921518537,4.774836659905595,31.753032878106616,4.0758929304666305,4.807435911000129,5.291834130978568,8.175076985236444,0.6348233059336336,6.806349779043762,5.028052712423642,12.61788013614724,3.992333619772386,4.059019416142301,36.270517602565896,2.7870024309984345,9.224657882312485,2.8756820535219383,10.903750595412198,1.412680804267773,7.168167729670065,14.556910109997972,12.795082769822548,4.131725842064268,5.431461514826078,2.9533005302777413,3.626076871180326,27.22347706097529,4.511893718569484,0.4525378815812019,5.993758144058065,6.222981434504259,26.672548989143117,5.249747607066666,0.35648485136864105,4.666281799220793,5.621793754665107,11.761536089557772,3.963581598609563,4.885872952960097,27.856139862862495,1.6696984465765368,6.026445661719244,10.358699084862355,7.089298693870842,8.761984047536213,21.73498674120635,1.0532675222701289,25.582025734917277